<?xml version="1.0" encoding="UTF-8"?>
<Entities
 majorVersion="9"
 minorVersion="3"
 universal="password">
    <ThingShapes>
        <ThingShape
         className=""
         description=""
         documentationContent=""
         homeMashup=""
         name="Vilia.Utils.Exporter_TS"
         projectName="Vilia.Utils.Exporter"
         tags="">
            <PropertyDefinitions></PropertyDefinitions>
            <ServiceDefinitions>
                <ServiceDefinition
                 aspect.isAsync="false"
                 category=""
                 description=""
                 isAllowOverride="false"
                 isLocalOnly="false"
                 isOpen="false"
                 isPrivate="false"
                 name="ApplyConfiguration">
                    <ResultType
                     baseType="NOTHING"
                     description=""
                     name="result"
                     ordinal="0"></ResultType>
                    <ParameterDefinitions>
                        <FieldDefinition
                         baseType="JSON"
                         description=""
                         name="bind"
                         ordinal="1"></FieldDefinition>
                        <FieldDefinition
                         aspect.defaultValue="true"
                         baseType="BOOLEAN"
                         description=""
                         name="encryptPasswords"
                         ordinal="3"></FieldDefinition>
                    </ParameterDefinitions>
                </ServiceDefinition>
                <ServiceDefinition
                 aspect.isAsync="false"
                 category=""
                 description=""
                 isAllowOverride="false"
                 isLocalOnly="false"
                 isOpen="false"
                 isPrivate="false"
                 name="ExportSources">
                    <ResultType
                     baseType="NOTHING"
                     description=""
                     name="result"
                     ordinal="0"></ResultType>
                    <ParameterDefinitions>
                        <FieldDefinition
                         aspect.defaultValue="/"
                         baseType="STRING"
                         description=""
                         name="path"
                         ordinal="2"></FieldDefinition>
                        <FieldDefinition
                         aspect.defaultValue="SystemRepository"
                         aspect.isRequired="false"
                         aspect.thingTemplate="FileRepository"
                         baseType="THINGNAME"
                         description=""
                         name="repository"
                         ordinal="2"></FieldDefinition>
                    </ParameterDefinitions>
                </ServiceDefinition>
                <ServiceDefinition
                 aspect.isAsync="false"
                 category=""
                 description=""
                 isAllowOverride="false"
                 isLocalOnly="false"
                 isOpen="false"
                 isPrivate="false"
                 name="FixMashup">
                    <ResultType
                     baseType="STRING"
                     description=""
                     name="result"
                     ordinal="0"></ResultType>
                    <ParameterDefinitions>
                        <FieldDefinition
                         baseType="STRING"
                         description=""
                         name="content"
                         ordinal="1"></FieldDefinition>
                    </ParameterDefinitions>
                </ServiceDefinition>
            </ServiceDefinitions>
            <EventDefinitions></EventDefinitions>
            <ServiceMappings></ServiceMappings>
            <ServiceImplementations>
                <ServiceImplementation
                 description=""
                 handlerName="Script"
                 name="ApplyConfiguration">
                    <ConfigurationTables>
                        <ConfigurationTable
                         dataShapeName=""
                         description=""
                         isMultiRow="false"
                         name="Script"
                         ordinal="0">
                            <DataShape>
                                <FieldDefinitions>
                                    <FieldDefinition
                                     baseType="STRING"
                                     description="code"
                                     name="code"
                                     ordinal="0"></FieldDefinition>
                                </FieldDefinitions>
                            </DataShape>
                            <Rows>
                                <Row>
                                    <code>
                                    <![CDATA[
                                    const errors = [];
                                    bind = JSON.parse(JSON.stringify(bind));
                                    Object.keys(bind).forEach(thingName => {
                                        try {
                                            let thing = thingName.indexOf('Authenticator') >= 0 ? Authenticators[thingName] : Things[thingName];
                                            if (bind[thingName].configuration) {
                                                Object.keys(bind[thingName].configuration).forEach(configTableName => {
                                                    let configValues = bind[thingName].configuration[configTableName];
                                                    let config = thing.GetConfigurationTable({
                                                        tableName: configTableName
                                                    });
                                                   
                                                    Object.keys(configValues).forEach(paramName => {
                                                        if (config.dataShape.fields[paramName].baseType == 'PASSWORD' && encryptPasswords) {
                                                            config[paramName] = Resources["EncryptionServices"].EncryptPropertyValue({
                                                                data: configValues[paramName]
                                                            });
                                                        } else {
                                                        	config[paramName] = configValues[paramName];
                                                        }
                                                    });
                                                    thing.SetConfigurationTable({
                                                        tableName: configTableName,
                                                        configurationTable: config
                                                    });
                                                });
                                            }
                                            thing.SaveConfigurationTables();
                                            if (thing.RestartThing) {
                                            	thing.RestartThing();
                                            }
                                        } catch(e) {
                                            let err = "Unable to apply config to thing: " + thingName + ". Error: " + e;
                                            logger.error(err);
                                            errors.push(err);
                                        }
                                    });
                                    if (errors.length > 0) {
                                        throw errors.join("; ");
                                    }
                                    ]]>
                                    </code>
                                </Row>
                            </Rows>
                        </ConfigurationTable>
                    </ConfigurationTables>
                </ServiceImplementation>
                <ServiceImplementation
                 description=""
                 handlerName="Script"
                 name="ExportSources">
                    <ConfigurationTables>
                        <ConfigurationTable
                         dataShapeName=""
                         description=""
                         isMultiRow="false"
                         name="Script"
                         ordinal="0">
                            <DataShape>
                                <FieldDefinitions>
                                    <FieldDefinition
                                     baseType="STRING"
                                     description="code"
                                     name="code"
                                     ordinal="0"></FieldDefinition>
                                </FieldDefinitions>
                            </DataShape>
                            <Rows>
                                <Row>
                                    <code>
                                    <![CDATA[
                                    let genericConfiguration = me.GetConfigurationTable({
                                    	tableName: 'configuration' /* STRING */
                                    });
                                    const tokenPrefix = genericConfiguration.rows[0].exportLocalizationTokenPrefix;
                                    
                                    const exportRepo = repository;
                                    const exportFolder = path;
                                    
                                    // get projects list to export
                                    let configuredProjectExportList = me.GetConfigurationTable({
                                    	tableName: 'projectExportList' /* STRING */
                                    });
                                    let projectsExportList = configuredProjectExportList.rows.toArray().map(elt => elt.projectName);
                                    
                                    let configuredConfigTablesToClean = me.GetConfigurationTable({
                                    	tableName: 'configurationTablesToClean' /* STRING */
                                    });
                                    let thingsToCleanConfig = {};
                                    
                                    configuredConfigTablesToClean.rows.toArray().forEach(row => {
                                        let thingName = row.thingName;
                                        logger.warn('thingName : ' + thingName);
                                        let confTables = row.configurationTables;
                                        thingsToCleanConfig[thingName] = confTables.rows.toArray().map(elt => row.item);
                                    });
                                    
                                    let projects = Resources["SearchFunctions"].SpotlightSearch({ types: { "items": ['Project'] } });
                                    
                                    const configs = {};
                                    // Gather configs
                                    Object.keys(thingsToCleanConfig).forEach(thingName => {
                                    	let thing = Things[thingName];
                                        if (!thing) {
                                            throw thingName + " not found";
                                        }
                                        configs[thingName] = {
                                        	"configuration": {}
                                        };
                                    	thingsToCleanConfig[thingName].forEach(configTableName => {
                                    		let config = thing.GetConfigurationTable({
                                    			tableName: configTableName
                                    		});
                                            configs[thingName].configuration[configTableName] = config.ToJSON().rows[0];
                                    	});
                                    });
                                    
                                    let configuredGroupsToClean = me.GetConfigurationTable({
                                    	tableName: 'groupsToClean' /* STRING */
                                    });
                                    let groupsToClean = configuredGroupsToClean.rows.toArray().map(elt => elt.groupName);
                                    
                                    let groupsMembers = {};
                                    groupsToClean.forEach(gpName => {
                                        let members = Groups[gpName].GetGroupMembers();
                                        groupsMembers[gpName] = members.rows.toArray().map((row) => { return {name: row.name, type: row.type};});
                                    });
                                    
                                    try {
                                        // Clean groups
                                        Object.keys(groupsMembers).forEach(groupName => {
                                            let members = groupsMembers[groupName];
                                            members.forEach(member => {
                                                Groups[groupName].DeleteMember({
                                                    type: member.type,
                                                    member: member.name,
                                                });
                                            });
                                        });
                                        
                                        // Clean configs
                                        Object.keys(thingsToCleanConfig).forEach(thingName => {
                                            let thing = Things[thingName];
                                            thingsToCleanConfig[thingName].forEach(configTableName => {
                                                let config = thing.GetConfigurationTable({
                                                    tableName: configTableName
                                                });
                                                config.RemoveAllRows();
                                                if (thing.IsDerivedFromTemplate({thingTemplateName: "Database"}) && configTableName === "ConnectionInfo") {
                                                	config.AddRow({
                                                        jDBCDriverClass: "com.microsoft.sqlserver.jdbc.SQLServerDriver"
                                                    });
                                                } else {
                                                    config.AddRow({});
                                                }
                                                thing.SetConfigurationTable({
                                                    tableName: configTableName,
                                                    configurationTable: config
                                                });
                                            });
                                        });
                                    
                                        for (let i = 0; i < projects.rows.length; ++i) {
                                            let name = projects.rows[i].name;
                                            if (projectsExportList.indexOf(name) != -1) {
                                                Resources["SourceControlFunctions"].ExportSourceControlledEntities({
                                                    path: exportFolder,
                                                    repositoryName: 'SystemRepository',
                                                    projectName: name,
                                                });
                                            }
                                        }
                                    
                                        // Export localization tables
                                        Resources["SourceControlFunctions"].ExportSourceControlledEntities({
                                            path: exportFolder,
                                            repositoryName: 'SystemRepository',
                                            collection: "LocalizationTables"
                                        });
                                        
                                        // Post process files
                                        let fileList = Resources["InfoTableFunctions"].CreateInfoTableFromDataShape({
                                            dataShapeName: "FileSystemFile"
                                        });
                                    
                                        function getFiles(currentPath, fileList) {
                                            let currentPathFiles = Things['SystemRepository'].ListFiles({
                                                path: currentPath,
                                                nameMask: "*.xml",
                                            });
                                            fileList = Resources["InfoTableFunctions"].Union({
                                                t1: currentPathFiles,
                                                t2: fileList,
                                            });
                                            let dirs = Things['SystemRepository'].ListDirectories({
                                                path: currentPath,
                                            });
                                            if (dirs) {
                                                dirs.rows.toArray().forEach(row => {
                                                    fileList = getFiles(row.path, fileList);
                                                });
                                            }
                                            return fileList;
                                        }
                                        fileList = getFiles(exportFolder, fileList);
                                    
                                        // TODO: Prefix all needed tokens to be able to skip ootb ones. For example: 'Vilia.<token>'.
                                        fileList.rows.toArray().forEach(file => {
                                            let content = Things['SystemRepository'].LoadText({
                                                path: file.path
                                            });
                                            let modifiedContent = content;
                                            if (file.path.indexOf('LocalizationTables') >= 0) {
                                                let rowsIndex = content.indexOf("<Rows>") + 6;
                                                let endRowsIndex = content.indexOf("</Rows>");
                                                modifiedContent = content.substring(0, rowsIndex) + content.substring(endRowsIndex);
                                    
                                                const attrName = "<Row>";
                                                const attrNameEnd = "</Row>";
                                                let occurrences = Resources["InfoTableFunctions"].CreateInfoTableFromDataShape({
                                                    dataShapeName: "LocalizationToken"
                                                });
                                                while (true) {
                                                    let startIndex = content.indexOf(attrName);
                                                    let prefixIndex = content.indexOf(tokenPrefix);
                                                    if (startIndex == -1 || prefixIndex == -1) {
                                                        break;
                                                    }
                                                    let endIndex = content.indexOf(attrNameEnd) + (attrNameEnd.length);
                                                    let nameContent = content.substring(startIndex, endIndex);
                                    
                                                    if (nameContent.indexOf(tokenPrefix) != -1) {
                                                        const cdata = "<![CDATA[";
                                                        const cdataEnd = "]]";
                                                        let token = nameContent.substring(nameContent.indexOf(cdata) + cdata.length, nameContent.indexOf(cdataEnd));
                                                        occurrences.AddRow({
                                                            name: nameContent,
                                                            value: token
                                                        });
                                                    }
                                                    content = content.substring(endIndex);
                                                }
                                                occurrences.Sort({
                                                    name: "value",
                                                    ascending: true
                                                });
                                                if (occurrences.rows.length > 0) {
                                                    modifiedContent = modifiedContent.substring(0, rowsIndex) + occurrences.rows.toArray().map(row => row.name).join('') + modifiedContent.substring(rowsIndex);
                                                } else {
                                                    modifiedContent = '';
                                                }
                                                content = modifiedContent;
                                            }
                                            
                                            [
                                                'majorVersion',
                                                'minorVersion',
                                                'dependsOn',
                                                'aspect.isExtension',
                                            ].forEach(attrName => {
                                                if (content.indexOf(attrName + "=\"") != -1) {
                                                    let beginIndex = modifiedContent.lastIndexOf("\n", modifiedContent.indexOf(attrName + "=\""));
                                                    let endIndex = modifiedContent.indexOf("\n", beginIndex + 1);
                                                    modifiedContent = modifiedContent.substring(0, beginIndex) + modifiedContent.substring(endIndex);
                                                }
                                            });
                                            
                                            // Cleanup timestamps and quality
                                            modifiedContent = modifiedContent.replace(/<Timestamp>[^<]*<\/Timestamp>/gm, '<Timestamp>1970-01-01T00:00:00.000Z</Timestamp>');
                                            modifiedContent = modifiedContent.replace(/<Quality>[^<]*<\/Quality>/gm, '<Quality>UNKNOWN</Quality>');
                                            
                                            // Fix autogenerated IDs in the mashups
                                            if (file.path.indexOf('Mashups/') >= 0) {	// We timeout without this check
                                                logger.warn('Fixing mashup ' + file.path);
                                                modifiedContent = me.FixMashup({
                                                    content: modifiedContent
                                                });
                                            }
                                            
                                            // TODO: Sort properties
                                            if (modifiedContent.length === 0 || file.name === 'System.xml') {
                                                result = file.path;
                                                Things['SystemRepository'].DeleteFile({
                                                    path: file.path
                                                });
                                            } else {
                                               Things['SystemRepository'].SaveText({
                                                    path: file.path,
                                                    content: modifiedContent
                                                });
                                            }
                                        });
                                    } finally {
                                        // Restore groups
                                        Object.keys(groupsMembers).forEach(groupName => {
                                            let members = groupsMembers[groupName];
                                            members.forEach((member) => {
                                                Groups[groupName].AddMember({
                                                    type: member.type,
                                                    member: member.name,
                                                });
                                            });
                                        });
                                        
                                        // Restore configs
                                        me.ApplyConfiguration({
                                            bind: configs,
                                            encryptPasswords: false
                                        });
                                    }
                                    ]]>
                                    </code>
                                </Row>
                            </Rows>
                        </ConfigurationTable>
                    </ConfigurationTables>
                </ServiceImplementation>
                <ServiceImplementation
                 description=""
                 handlerName="Script"
                 name="FixMashup">
                    <ConfigurationTables>
                        <ConfigurationTable
                         dataShapeName=""
                         description=""
                         isMultiRow="false"
                         name="Script"
                         ordinal="0">
                            <DataShape>
                                <FieldDefinitions>
                                    <FieldDefinition
                                     baseType="STRING"
                                     description="code"
                                     name="code"
                                     ordinal="0"></FieldDefinition>
                                </FieldDefinitions>
                            </DataShape>
                            <Rows>
                                <Row>
                                    <code>
                                    <![CDATA[
                                    // ...<mashupContent>...<![CDATA-[{...}]-]>...</mashupContent>...
                                    const CDATA_REGEX = new RegExp('([\\s\\S]+<mashupContent>\\s*<!\\[CDATA\\[)([\\s\\S]+)(\\]\\]>\\s*</mashupContent>[\\s\\S]+)');
                                    
                                    // There's no efficient hash implementation out of the box.
                                    // Credits: https://github.com/bryc/code/blob/master/jshash/experimental/cyrb53.js
                                    const cyrb53 = function(str, seed) {
                                        let h1 = 0xdeadbeef ^ seed, h2 = 0x41c6ce57 ^ seed;
                                        for(let i = 0, ch; i < str.length; i++) {
                                            ch = str.charCodeAt(i);
                                            h1 = Math.imul(h1 ^ ch, 2654435761);
                                            h2 = Math.imul(h2 ^ ch, 1597334677);
                                        }
                                        h1  = Math.imul(h1 ^ (h1 >>> 16), 2246822507);
                                        h1 ^= Math.imul(h2 ^ (h2 >>> 13), 3266489909);
                                        h2  = Math.imul(h2 ^ (h2 >>> 16), 2246822507);
                                        h2 ^= Math.imul(h1 ^ (h1 >>> 13), 3266489909);
                                    
                                        return String(4294967296 * (2097151 & h2) + (h1 >>> 0));
                                    };
                                    
                                    // This is a highly performant replacement for JSON.stringify()
                                    const stringify = function(el) {
                                        let str = el.APIMethod +
                                            el.Characteristic +
                                            // el.Id +  -- this one will be always different
                                            el.Name +
                                            el.RefreshInterval +
                                            el.Target +
                                            el.DataName +
                                            el.EntityName +
                                            el.EntityType +
                                            el.SourceArea +
                                            el.SourceDetails +
                                            el.SourceId +
                                            el.SourceSection +
                                            el.TargetArea +
                                            el.TargetId +
                                            el.TargetSection +
                                            el.EventHandlerArea +
                                            el.EventHandlerId +
                                            el.EventHandlerService +
                                            el.EventTriggerArea +
                                            el.EventTriggerEvent +
                                            el.EventTriggerId +
                                            el.EventTriggerSection +
                                            el.SourceName;
                                    
                                        if (el.Parameters) str += JSON.stringify(el.Parameters);
                                        if (el.Services) str += JSON.stringify(el.Services);
                                        if (el.Properties) str += JSON.stringify(el.Properties);
                                        if (el.PropertyMaps) {
                                            const pm = el.PropertyMaps;
                                            str += pm.SourceProperty +
                                                pm.SourcePropertyBaseType +
                                                pm.SourcePropertyType +
                                                pm.TargetProperty +
                                                pm.TargetPropertyBaseType +
                                                pm.TargetPropertyType +
                                                pm.SubProperty +
                                                pm.TargetSubProperty +
                                                pm.SourcePropertyDataShape;
                                        }
                                        
                                        return str;
                                    };
                                    
                                    const fixIds = function(json) {
                                        const toReplace = [];
                                        const used = {};
                                        let changed = false;
                                    
                                        if (json.Data) {
                                            for (let name in json.Data) {
                                            	const el = json.Data[name];
                                                const services = el.Services;
                                                if (services) {
                                                    services.forEach(s => {
                                                        toReplace.push(s);
                                                    });
                                                }
                                                // To make its hash predictable, it's important to process the parent element AFTER the services
                                                toReplace.push(el);
                                            }
                                        }
                                    
                                        if (json.DataBindings) {
                                            json.DataBindings.forEach(el => {
                                                toReplace.push(el);
                                            });
                                        }
                                    
                                        if (json.Events) {
                                            json.Events.forEach(el => {
                                                toReplace.push(el);
                                            });
                                        }
                                    
                                        toReplace.forEach(el => {
                                            oldId = el.Id;
                                            if (oldId &&
                                                oldId !== 'session' &&
                                                oldId !== 'UserExtensions' &&
                                                oldId !== 'UserExtensionInterface' &&
                                                oldId !== 'SessionInterface') {
                                                // If you want a sainity check for those names -- uncomment this line and see for yourself:
                                                // if (oldId.length !== '12345678-90ab-cdef-ghij-klmnopqrstuv'.length) console.log(oldId);
                                    
                                                // We use this instead of the straightforward JSON.stringify(el) only to improve performance.
                                                // With JSON.stringify() the export script times out.
                                                let str = stringify(el);
                                                if (used[str]) {
                                                    str += used[str];
                                                    used[str]++;	// That's how we avoid duplicates
                                                    logger.warn('Detected mashup ID collision: ' + str);
                                                } else {
                                                    used[str] = 1;
                                                }
                                                el.Id = cyrb53(str, 0);
                                    
                                                if (el.Id !== oldId) {
                                                    changed = true;
                                                }
                                            }
                                        });
                                    
                                        // If we didn't find any IDs to fix -- just skip it. At least we'll save on JSON.stringify()...
                                        return changed ? json : null;
                                    };
                                    
                                    let result = content;
                                    let match = CDATA_REGEX.exec(content);
                                    if (match) {
                                        // We have a mashup -- (1) is the prefix, (2) is JSON body, and (3) is the suffix
                                        let json = fixIds(JSON.parse(match[2]));
                                        if (json) {
                                            result = match[1] + JSON.stringify(json, null, 2) + match[3];
                                        }
                                    }
                                    ]]>
                                    </code>
                                </Row>
                            </Rows>
                        </ConfigurationTable>
                    </ConfigurationTables>
                </ServiceImplementation>
            </ServiceImplementations>
            <Subscriptions></Subscriptions>
            <avatar></avatar>
            <DesignTimePermissions>
                <Create></Create>
                <Read></Read>
                <Update></Update>
                <Delete></Delete>
                <Metadata></Metadata>
            </DesignTimePermissions>
            <RunTimePermissions></RunTimePermissions>
            <VisibilityPermissions>
                <Visibility></Visibility>
            </VisibilityPermissions>
            <ConfigurationTableDefinitions>
                <ConfigurationTableDefinition
                 category="EXPORT"
                 dataShapeName="Vilia.Utils.Exporter.Configuration_DS"
                 description="Generic configuration"
                 isHidden="false"
                 isMultiRow="false"
                 name="configuration"
                 ordinal="0"
                 source="IMPORT"></ConfigurationTableDefinition>
                <ConfigurationTableDefinition
                 category="EXPORT"
                 dataShapeName="Vilia.Utils.Exporter.ProjectList_DS"
                 description="List of project to export as SourceControlled Entities"
                 isHidden="false"
                 isMultiRow="true"
                 name="projectExportList"
                 ordinal="10"
                 source="IMPORT"></ConfigurationTableDefinition>
                <ConfigurationTableDefinition
                 category="EXPORT"
                 dataShapeName="Vilia.Utils.Exporter.ConfigurationTableList_DS"
                 description=""
                 isHidden="false"
                 isMultiRow="true"
                 name="configurationTablesToClean"
                 ordinal="20"
                 source="IMPORT"></ConfigurationTableDefinition>
                <ConfigurationTableDefinition
                 category="EXPORT"
                 dataShapeName="Vilia.Utils.Exporter.GroupList_DS"
                 description=""
                 isHidden="false"
                 isMultiRow="true"
                 name="groupsToClean"
                 ordinal="30"
                 source="IMPORT"></ConfigurationTableDefinition>
            </ConfigurationTableDefinitions>
            <ConfigurationTables>
                <ConfigurationTable
                 dataShapeName=""
                 description="Generic configuration"
                 isMultiRow="false"
                 name="configuration"
                 ordinal="0">
                    <DataShape>
                        <FieldDefinitions>
                            <FieldDefinition
                             aspect.isPrimaryKey="true"
                             baseType="STRING"
                             description=""
                             name="exportLocalizationTokenPrefix"
                             ordinal="1"></FieldDefinition>
                        </FieldDefinitions>
                    </DataShape>
                    <Rows>
                        <Row>
                            <exportLocalizationTokenPrefix></exportLocalizationTokenPrefix>
                        </Row>
                    </Rows>
                </ConfigurationTable>
                <ConfigurationTable
                 dataShapeName=""
                 description="List of project to export as SourceControlled Entities"
                 isMultiRow="true"
                 name="projectExportList"
                 ordinal="10">
                    <DataShape>
                        <FieldDefinitions>
                            <FieldDefinition
                             aspect.isPrimaryKey="true"
                             baseType="STRING"
                             description=""
                             name="projectName"
                             ordinal="1"></FieldDefinition>
                        </FieldDefinitions>
                    </DataShape>
                    <Rows></Rows>
                </ConfigurationTable>
                <ConfigurationTable
                 dataShapeName=""
                 description=""
                 isMultiRow="true"
                 name="configurationTablesToClean"
                 ordinal="20">
                    <DataShape>
                        <FieldDefinitions>
                            <FieldDefinition
                             aspect.dataShape="GenericStringList"
                             aspect.isPrimaryKey="false"
                             baseType="INFOTABLE"
                             description=""
                             name="configurationTables"
                             ordinal="2"></FieldDefinition>
                            <FieldDefinition
                             aspect.isPrimaryKey="true"
                             baseType="THINGNAME"
                             description=""
                             name="thingName"
                             ordinal="1"></FieldDefinition>
                        </FieldDefinitions>
                    </DataShape>
                    <Rows></Rows>
                </ConfigurationTable>
                <ConfigurationTable
                 dataShapeName=""
                 description=""
                 isMultiRow="true"
                 name="groupsToClean"
                 ordinal="30">
                    <DataShape>
                        <FieldDefinitions>
                            <FieldDefinition
                             aspect.isPrimaryKey="true"
                             baseType="GROUPNAME"
                             description=""
                             name="groupName"
                             ordinal="1"></FieldDefinition>
                        </FieldDefinitions>
                    </DataShape>
                    <Rows></Rows>
                </ConfigurationTable>
            </ConfigurationTables>
            <PropertyBindings></PropertyBindings>
            <RemotePropertyBindings></RemotePropertyBindings>
            <RemoteServiceBindings></RemoteServiceBindings>
            <RemoteEventBindings></RemoteEventBindings>
            <AlertConfigurations></AlertConfigurations>
            <InstanceRunTimePermissions></InstanceRunTimePermissions>
        </ThingShape>
    </ThingShapes>
</Entities>
